Frames#,score_overall,nose_score,nose_x,nose_y,leftEye_score,leftEye_x,leftEye_y,rightEye_score,rightEye_x,rightEye_y,leftEar_score,leftEar_x,leftEar_y,rightEar_score,rightEar_x,rightEar_y,leftShoulder_score,leftShoulder_x,leftShoulder_y,rightShoulder_score,rightShoulder_x,rightShoulder_y,leftElbow_score,leftElbow_x,leftElbow_y,rightElbow_score,rightElbow_x,rightElbow_y,leftWrist_score,leftWrist_x,leftWrist_y,rightWrist_score,rightWrist_x,rightWrist_y,leftHip_score,leftHip_x,leftHip_y,rightHip_score,rightHip_x,rightHip_y,leftKnee_score,leftKnee_x,leftKnee_y,rightKnee_score,rightKnee_x,rightKnee_y,leftAnkle_score,leftAnkle_x,leftAnkle_y,rightAnkle_score,rightAnkle_x,rightAnkle_y
0,0.398132599,0.969209373,138.2184745,118.3295295,0.971752644,145.1126034,130.4085957,0.998361468,144.7746104,101.3446205,0.222079664,139.4033703,135.266476,0.99200356,130.9250278,84.27024813,0.891867638,70.90819703,167.6149442,0.566676676,53.98744733,63.41086094,0.514730096,81.0903363,101.2337362,0.076009721,0.152481141,196.1837986,0.153849363,7.298811056,33.04324185,0.216777831,-7.458208825,165.8753462,0.056743771,43.78182667,157.9219945,0.067713141,44.53972939,134.6539116,0.015198171,36.83055482,124.0601104,0.009973407,4.36480309,30.52881896,0.027786702,132.3514796,128.5267439,0.017520964,17.37382867,41.99717394
1,0.432691353,0.969558358,138.1176362,118.1734014,0.978909194,145.6125278,129.4364101,0.999557793,144.6337952,101.5118797,0.53705883,137.975358,137.7998449,0.99324882,131.0581622,83.57965629,0.795388579,73.19610253,172.5958519,0.487974495,64.13017054,63.24717394,0.37046662,78.69975153,98.22993475,0.1098167,4.541679316,194.2017303,0.367241502,9.128954408,33.05390357,0.346413791,7.256809573,34.03786039,0.091642529,56.51650647,141.5324229,0.054308623,51.70070615,141.0004462,0.026531547,41.7038943,122.0082197,0.038754165,76.72505316,80.04869402,0.153666019,4.841542905,32.63971793,0.035215437,6.094957749,34.38724665
2,0.418404861,0.936088681,139.9685208,118.9278173,0.964105248,145.9118729,129.6740525,0.99921906,145.014618,101.4162595,0.63581264,129.4306677,143.8655782,0.985692501,132.1869514,82.97279767,0.720196843,71.55319157,172.9400505,0.4624497,88.85511153,95.88623352,0.439943194,79.11079169,100.230181,0.151434541,5.394926797,194.5774569,0.265739441,10.89434411,32.47701238,0.295516074,6.624079977,34.15153056,0.064546824,50.72849612,160.3406387,0.047749877,13.05463965,114.7123713,0.033126324,38.41879474,129.0917603,0.031050503,77.48719862,79.88974963,0.070220292,134.1806263,134.0071371,0.009990901,-6.543497569,171.0484209
3,0.416718746,0.950877011,142.5945717,121.4012879,0.920473576,149.6216156,128.6120743,0.99930495,146.3239798,100.1958977,0.73207432,120.9056428,138.1524071,0.980276108,131.0941767,84.49796641,0.609593093,87.39199292,91.97132734,0.358666152,67.26710021,64.95428078,0.701106191,80.35075784,99.96297353,0.125590384,1.128405167,197.4771526,0.086368322,104.8899447,109.2333436,0.188676566,-5.405828164,170.3086962,0.283359945,54.14718418,162.1465843,0.095847785,57.691594,144.235721,0.015185297,40.37603447,128.9451174,0.01879847,86.35349002,72.6053005,0.011269659,-0.327911186,36.36705949,0.006750852,-3.779225629,174.6574594
4,0.43924446,0.937665999,142.0417106,120.5476553,0.961076498,149.4030289,129.8355449,0.999397755,147.1006701,101.1736184,0.698686838,114.1368334,141.6258973,0.985143542,130.9826584,83.74750068,0.538198888,86.656517,89.44765089,0.311371326,74.14822049,59.4697607,0.869864225,81.82842126,100.5857424,0.117952228,1.243714369,198.2827374,0.339919925,11.64549791,32.00786614,0.328528702,12.47037928,32.57980137,0.246888876,53.72059949,162.7979796,0.070672989,48.24758846,144.4504916,0.019795507,50.89402102,212.0373703,0.011482656,42.79553207,193.814519,0.020314336,3.765944577,36.03490022,0.010195524,10.02767918,34.33321873
5,0.436038103,0.983485103,141.4711103,118.2325926,0.973874688,144.6959733,129.6118865,0.999518871,145.4341497,100.5200896,0.844392955,117.7406172,139.757932,0.970954895,131.5037356,85.33309194,0.772402883,66.74828461,171.4513109,0.414724886,88.7860938,96.34129213,0.839134574,82.39205997,98.84977762,0.098857671,-0.21030688,198.2248752,0.101427197,-5.467221073,160.5258807,0.142322868,10.19354393,35.80312817,0.057197779,50.88679434,162.2835104,0.059181929,46.01932216,141.977155,0.03379631,47.6180836,210.6757179,0.063726962,83.53093179,71.86883095,0.037634492,9.222649849,31.49624371,0.02001369,133.9225992,132.2343652
6,0.403299805,0.980412364,140.1085435,116.9565387,0.978895664,145.1574936,128.5354245,0.999616623,144.6878658,100.752136,0.571918488,133.5703174,138.5521638,0.98251766,130.5004243,85.19658045,0.684976459,77.71978143,169.7595779,0.418573439,76.75226523,57.78225826,0.79572773,83.22414365,97.75399159,0.051192462,5.001308713,34.54072912,0.035954088,107.6146516,115.6133568,0.056668907,5.7722456,34.95894414,0.055687726,52.25702979,161.4121264,0.073174566,18.11963104,145.8671168,0.018639237,44.82274354,95.89143941,0.11960271,83.25376361,70.22193937,0.01729846,2.677115489,153.9807053,0.015240103,275.2906279,52.45234229
7,0.421376125,0.979471922,140.1109819,117.2157362,0.982497096,145.9498259,128.2823838,0.999838829,145.0070834,100.973795,0.476344228,125.1779758,143.2915521,0.990664363,132.1835377,84.21984726,0.638823152,89.67212006,90.64643317,0.425189823,94.93172597,99.21519,0.869068265,84.57009914,99.75918773,0.060823679,83.63588483,69.88327579,0.074154496,106.9372879,109.4486506,0.075418442,9.525564815,32.36196454,0.244796425,55.71270165,158.9821317,0.078821689,12.85963651,156.4355713,0.008991569,-6.565950277,186.2890625,0.035194367,84.57460401,72.64775232,0.19609198,131.8644419,133.467504,0.027203798,-1.588639296,188.4233088
8,0.408974586,0.966088176,140.7458328,115.8863554,0.95866555,147.6621264,129.5511226,0.999552727,146.953759,101.4312797,0.641255081,127.2228562,144.8373127,0.982194781,131.5014923,85.32538672,0.633567512,73.0883088,45.91523779,0.25118655,100.5904424,94.47093721,0.915435433,83.93792427,98.02022374,0.043245107,83.52694508,69.49117558,0.110024124,9.293658653,32.28803351,0.167835027,8.558385423,32.05868763,0.054058313,12.12130238,145.3062456,0.099621058,16.87594639,146.8410337,0.021764219,16.77041881,141.7296617,0.048056453,16.33396334,142.7288765,0.051377565,135.1075682,134.9683623,0.008640289,-5.599648694,181.658108
9,0.438095245,0.95685333,140.1954222,118.6240222,0.970215321,147.2123713,130.7043442,0.999656439,149.3790843,101.1144639,0.472370178,129.6446215,144.4588186,0.9626894,128.5444098,85.23160746,0.633933485,70.72563714,47.04999488,0.566566646,61.41448556,59.87014523,0.965925097,85.47975919,98.90472603,0.066422522,87.08048655,70.96647989,0.649028003,111.1647672,111.5329837,0.043204755,6.062520345,31.69206826,0.050797373,14.80604841,149.2935466,0.045983285,15.51065624,144.9293364,0.010537058,82.47247703,167.1783318,0.031680584,17.64791996,152.5271633,0.014043003,134.426681,135.7320317,0.007712692,10.48332071,152.2798528
10,0.41393333,0.982113123,144.2331241,118.9816684,0.971723855,147.3355571,129.8428966,0.999748826,149.6234565,100.6079681,0.440538168,119.9057818,147.3676947,0.968049049,130.2492124,86.14988101,0.526464164,71.34009124,45.4944381,0.460486501,57.79834533,57.06266215,0.978036284,84.87529626,98.5246835,0.104275674,87.59602255,72.14870572,0.280576646,110.8291759,109.0083928,0.141062796,7.587198741,30.94941138,0.030415386,51.02183062,153.6841887,0.075323969,47.82128419,136.0735482,0.029627025,44.83834904,134.007576,0.021525413,51.53664731,133.6992821,0.015459865,275.8943898,55.59751361,0.01143986,9.659925216,35.89787668
11,0.405390313,0.967552543,145.2602947,119.0249737,0.96756947,146.0942255,128.9874473,0.999687254,149.5327862,100.7964044,0.51072228,136.5878345,135.4126678,0.943156183,130.680814,85.63916686,0.556839228,69.74877594,46.72805234,0.43551755,56.68878867,58.4731427,0.968622804,83.50309793,98.40463093,0.098707646,84.75039136,69.97689656,0.095921695,112.6379014,111.031328,0.095594645,7.31275237,31.47347554,0.060777128,47.98557467,149.4595501,0.057257652,15.78233659,147.490271,0.021669328,9.731977941,140.8035,0.020762324,11.91095283,141.0129428,0.063481301,4.206416479,32.79949136,0.027796298,12.72506885,194.8966136
12,0.423847617,0.951377511,142.6523608,120.1123839,0.970529795,147.8620718,130.5853157,0.999661982,149.3705622,101.4845213,0.281146586,127.7940416,146.7487784,0.983085155,133.3257013,82.16633505,0.63952291,68.43857288,45.98715107,0.579141736,64.32228269,56.12510119,0.986829996,83.76367309,98.63503141,0.297226608,7.726498341,30.41569742,0.211122006,109.4598183,110.4354176,0.07282111,-7.411081455,178.7061339,0.078758121,52.28595481,194.9455027,0.01537165,6.619128586,36.5376958,0.017744035,-5.535778946,40.97104571,0.019879997,6.041144325,33.32229976,0.068143159,2.627758164,32.69833606,0.03304714,-4.643053681,31.02654275
13,0.371224568,0.946329832,143.8189202,117.3967721,0.990296841,146.6634115,130.7996596,0.999714017,148.7758466,101.4389728,0.358613074,137.4401749,138.8864383,0.993226886,132.4555487,82.02224027,0.1529091,93.07084406,82.78417847,0.208198816,93.67361843,94.73875429,0.839133024,80.24117192,100.0358439,0.061018705,71.02099548,61.48750829,0.272515893,99.82337142,102.6020087,0.201726347,81.18507261,114.5216063,0.073564529,-1.831582744,132.7214029,0.082218885,5.593953222,134.4926264,0.037782073,3.502360331,31.03473563,0.076096177,76.13737833,58.20485623,0.01235953,138.6143297,125.3708499,0.00511393,5.069551123,29.86731673
14,0.392846432,0.968256712,141.9494187,118.7206178,0.993482351,146.7015474,130.2134173,0.999756932,148.0723558,101.5974417,0.304963052,137.8536107,139.338449,0.998014808,130.6633676,84.45224719,0.35641098,93.2197668,150.5684789,0.314426631,91.67465839,89.6340268,0.109993845,82.11209377,97.24121703,0.078761101,64.88998127,165.9862428,0.484194368,89.50990827,104.0580866,0.447573543,78.25262367,101.0404841,0.096670389,5.185779281,117.8600968,0.131327748,17.54994063,150.0174343,0.02586484,75.24834679,57.26759397,0.065815777,79.02034078,59.60629048,0.232506722,16.5890461,184.6701389,0.070369542,13.25140907,182.0795051
15,0.512901641,0.959016442,140.9357444,118.6188529,0.988636255,146.4017756,129.3784381,0.999789596,147.0578769,101.5662063,0.501103103,138.469345,137.8429917,0.998575807,132.0727265,84.59059964,0.261388242,93.95048182,147.8812251,0.754470706,96.98073331,96.55356342,0.276602566,18.16355349,63.59154329,0.896514237,15.42821229,61.70016971,0.312760592,99.17608483,98.9014952,0.676942706,59.2301798,175.5768668,0.18168956,49.40691201,137.8041364,0.250102341,15.88371134,126.1598783,0.354940116,73.74751287,59.68834733,0.227035165,75.36793608,61.73560515,0.03368029,1.076207155,32.176948,0.046080172,-4.929509347,19.59849992
16,0.55740066,0.958423257,141.860187,116.1862735,0.987392962,147.0949643,129.9725441,0.999780834,147.6077876,102.0014533,0.716135025,138.8399023,137.0467823,0.997883558,131.7342092,83.76220398,0.312768847,105.1314397,130.1011919,0.774482846,102.0010265,109.3783527,0.109190315,75.9330378,55.29222505,0.739647865,25.20546826,68.22146145,0.411344111,28.14711286,64.68197712,0.812071681,69.47325974,79.68592726,0.50631994,72.66981337,122.7688778,0.25691092,15.36089227,125.6853006,0.668621719,78.72528114,60.86598295,0.18951121,78.621529,61.08864774,0.020165443,28.96557526,65.50951935,0.01516068,27.9239665,66.00150691
17,0.526460642,0.97833246,140.4933652,115.6759129,0.96982348,146.9786058,128.6215351,0.999732137,147.0951472,101.9994538,0.738265991,137.2154802,135.8947678,0.989474654,133.5356805,83.52731693,0.31379953,93.64325477,117.928383,0.692865849,105.7073068,108.4034118,0.277172863,69.01820113,57.59574214,0.134080619,-3.076574395,34.63400242,0.642490029,76.15822019,82.43671241,0.960980594,75.73122098,85.08664706,0.428894281,71.4873437,123.8116173,0.319076478,29.5930319,110.6318762,0.184455693,76.98017249,61.62230683,0.2049236,73.08200565,70.59942162,0.079491466,128.2631574,130.7881262,0.035971195,36.85819362,187.6692221
18,0.550791325,0.984416366,139.8334601,114.5181682,0.990427375,146.6176679,129.2035225,0.999686062,146.7072897,102.3524306,0.450860798,138.5463483,137.7388982,0.984153092,132.0739335,84.40073687,0.213701278,100.1259351,133.6306302,0.921594679,98.41101943,100.0780762,0.683035672,12.74142186,37.08625936,0.17647022,-1.422055896,44.77889577,0.606808484,73.33042559,86.233663,0.981954336,37.89632771,72.38373908,0.529815495,73.8094045,122.9991685,0.158433348,13.39805803,109.3692333,0.512911141,77.30719901,59.08866968,0.096798271,-9.843292046,8.684115559,0.057398438,132.1724675,134.5987681,0.014987469,-8.057632732,13.66996698
19,0.562677003,0.976328492,140.1298913,113.768373,0.995870948,145.5480332,127.8334943,0.999594927,146.3072405,103.2679488,0.54782927,135.2244631,141.2490856,0.989555597,129.9410771,86.18549323,0.358012795,99.81782416,136.464734,0.850035787,104.8664267,102.6387304,0.406041056,9.440440965,37.42353308,0.237719506,-1.959018969,37.2525554,0.722260594,38.71133373,74.00877077,0.911639094,36.60766754,71.92721744,0.495485514,70.03864798,119.9702764,0.388718337,18.33927531,105.8854411,0.52051264,78.97334143,57.442662,0.0888879,18.86135373,59.84596891,0.059834987,135.8840024,128.6571717,0.017181605,-8.921861589,6.986076365
20,0.586793035,0.980733395,139.8849095,113.7811256,0.996929407,145.3054166,127.4872474,0.999805927,148.836513,104.9529885,0.583964765,136.7291496,141.6029036,0.995113492,128.1458967,87.07289716,0.366986454,102.3529304,130.6791803,0.91109395,102.0616868,105.6623922,0.570825338,11.61678548,37.72594438,0.292434841,95.75210552,101.9987345,0.638516068,41.74477643,74.89485799,0.961439312,40.95323046,76.64129555,0.417471826,76.70502814,126.7711991,0.497892499,46.41864296,113.7251044,0.455640137,2.422932638,17.64307677,0.217802942,-7.671203232,9.641488179,0.047306031,133.2639133,132.3747415,0.041525215,34.58016956,185.0882686
21,0.556495184,0.983942389,140.5563236,115.9393044,0.993552923,145.2610019,128.4094589,0.99971664,148.2103182,105.0769424,0.371256471,135.0543388,141.5914433,0.997498095,129.2566665,85.72403392,0.310155869,100.5776837,130.7933321,0.862256944,95.60357293,103.3853679,0.404675573,9.87345911,38.28249966,0.18423003,-5.61706543,40.58959504,0.733295083,41.60695127,80.20565114,0.930235386,40.13930646,77.19987467,0.470742345,75.70643507,127.0444293,0.4067761,43.73464749,113.9933482,0.574732423,6.091584052,18.45780543,0.18730709,-8.87504511,9.350531074,0.026603669,41.06053956,76.99629613,0.023441106,-3.980400476,13.46641893
22,0.599065104,0.987287104,140.1664911,117.8473198,0.997082889,144.7790847,129.7320366,0.999925315,148.3704573,105.3598651,0.551896453,138.3277861,138.8863286,0.992019653,128.2250215,86.7218711,0.422541112,91.31871294,138.6454554,0.684511602,90.75344052,97.95347369,0.614518344,12.85027474,38.72903621,0.359977007,-6.402612274,41.62351992,0.770466805,39.67527468,76.67867558,0.972250581,39.72016181,78.40138791,0.605741203,70.00741261,129.2343677,0.457574427,14.26572192,108.720825,0.543677986,78.92102645,59.77084918,0.178774983,-9.300587401,7.203245699,0.028263718,5.3342132,14.91755301,0.017597586,81.52966141,90.99105854
23,0.634062779,0.970232964,140.9526178,119.0065153,0.992676735,146.3768312,131.0690738,0.999917865,147.4981225,105.3595603,0.695532203,140.2731571,139.1889655,0.992781162,127.5490354,86.88592385,0.552033722,96.22309272,134.2571907,0.857455432,105.4849529,106.3166281,0.643447876,10.96897082,42.96237979,0.324204385,-5.27833098,42.96023403,0.850373387,73.16455017,167.3784478,0.82353729,39.47801454,79.68997493,0.712035596,68.69684379,122.9015001,0.476375848,48.64050552,118.7224709,0.473305523,4.266058723,23.00550825,0.296836197,-8.498744703,7.71812639,0.040865332,36.85711464,79.45540487,0.077455729,88.2809513,135.8506457
24,0.626377425,0.967596352,141.1074536,120.0528392,0.984066844,146.6632773,130.5385114,0.999837756,147.4425157,105.4264445,0.467901647,134.4862623,142.322902,0.992443919,125.7073068,87.59968009,0.646208346,95.77910424,139.3274886,0.85223043,101.3540082,104.2675659,0.420995027,11.69231591,42.19134041,0.752317071,2.503943664,51.49196439,0.821991622,40.267494,80.19615373,0.846755028,38.4611856,80.53131827,0.715448797,70.69903465,125.620867,0.458297044,43.36040521,113.914833,0.382357627,80.34486921,59.88098373,0.280200005,-8.770349624,7.119299118,0.027113676,-4.741297423,8.201445581,0.03265503,-7.5169504,10.26555246
25,0.601930874,0.982165933,140.6794973,121.5233034,0.982685447,145.3723861,132.1428293,0.999936581,147.079432,106.198319,0.396721572,133.1935179,143.0862301,0.993045926,126.9232063,87.59719296,0.341923177,104.78768,142.1816601,0.877034485,103.6115744,103.6654743,0.417331606,12.56993669,43.56672689,0.559993327,96.11949906,93.93854606,0.675843,41.49535066,80.77260602,0.896477222,71.91473305,95.60056765,0.636201382,74.11610121,127.8339941,0.474395394,53.44333987,124.729647,0.549070954,75.25819776,58.95730922,0.169596583,-9.011060546,6.652021277,0.203734756,75.77180136,98.22636255,0.076667517,74.6165072,98.700989
26,0.566276273,0.99501121,139.5823702,121.3740271,0.995393336,144.4876278,132.4161083,0.999922454,147.0032698,106.4073473,0.224457771,134.2081675,147.5023164,0.994745076,128.4305019,86.91385524,0.463521361,95.88505701,149.272589,0.969319582,98.73788136,102.060364,0.434088826,8.866902517,48.75979001,0.228954554,0.051021885,49.45450267,0.868978858,39.38818237,82.58965843,0.93399477,74.61455651,99.10213551,0.477797508,81.23450423,135.7025764,0.491595656,49.15849817,124.6009627,0.267314941,1.729096259,22.53306414,0.223423958,-8.837598784,7.88643712,0.018185019,82.85681716,101.5265098,0.039991766,-8.401663753,7.28468077
27,0.56419594,0.983202994,141.1995991,121.0301576,0.990739942,145.2750712,132.0847232,0.999894679,146.922231,106.5779592,0.499636799,134.4064792,146.4401432,0.997636378,126.767188,87.30020092,0.22277987,-6.224577067,10.45382725,0.845778227,92.57799089,100.8352353,0.404968798,5.745659113,47.2415645,0.276015908,-9.562995901,191.5687178,0.676155746,38.72702762,85.01998235,0.909765005,77.07587196,102.9495845,0.62938422,85.77033835,136.3687968,0.45573014,50.27987477,130.3401876,0.477925658,79.5590229,57.4888628,0.163984656,-8.938340319,10.21112221,0.015716612,37.07197668,86.70738725,0.042015344,-8.99772044,7.077045417
28,0.571880581,0.985832691,141.1610121,119.3875941,0.992272794,144.7254287,131.5286434,0.999928653,146.4848383,106.084789,0.537152529,135.691555,143.3145702,0.996314526,125.7095988,87.71236882,0.453123897,-2.575818084,11.11066916,0.809109986,98.13913029,102.4283123,0.587518215,78.43448863,92.80807438,0.335058957,-8.355083489,192.2157606,0.677349687,39.8654331,88.36165487,0.957887769,77.26429609,105.4200926,0.651928663,81.75032064,136.5634022,0.439399242,12.98324604,118.6670958,0.151468545,83.48808984,75.10141132,0.043621838,76.85319498,64.06743768,0.030671895,84.42355381,163.243297,0.073329985,64.98008471,178.2538185
29,0.55595764,0.982411265,141.0667452,119.640842,0.984267533,144.988747,131.6221666,0.999822497,146.2564373,105.7945147,0.313945353,131.7254311,142.9631418,0.997170269,126.2885992,87.48460177,0.430924177,86.47894356,146.0892268,0.654111862,97.20077686,102.4997074,0.870443463,83.24060257,93.1658425,0.364096344,-6.659344734,193.6447117,0.771716952,43.6412736,90.25545461,0.957105577,41.41498542,182.2310003,0.534309268,84.53391391,141.9414087,0.334511638,48.37992122,126.714934,0.19011277,-6.515266714,9.000885734,0.036788374,75.75350148,64.96632627,0.015099198,42.99014659,92.09266005,0.014443338,-8.870275071,8.087473666
30,0.53196707,0.924616218,140.2815816,120.4714444,0.948911488,146.5788492,132.3306804,0.999696195,145.6081875,105.29648,0.477689683,127.1982654,141.5225841,0.996907473,129.7364744,86.04988393,0.371528029,-6.419860611,22.20177049,0.286291987,99.38402802,95.66897579,0.814671218,13.54424371,48.82983795,0.38215363,-7.316739086,197.4032703,0.58483398,117.5640069,180.343077,0.934166789,50.14363759,185.4153743,0.62809509,87.87121567,146.6765664,0.430409253,19.54823012,116.9231454,0.134357929,83.02235731,68.79825511,0.027393013,84.76830719,69.40180975,0.028081864,-4.433019593,12.59681502,0.073636353,119.1631432,181.9060403
31,0.558926258,0.953446984,140.097193,119.9854308,0.920599163,146.8045193,131.9460294,0.999122798,143.5400086,103.5865447,0.225881487,131.4599061,138.5761938,0.988952696,130.0699687,86.15651334,0.831245661,108.4173348,123.9517498,0.784336686,109.7823278,103.5830944,0.619001985,24.98120635,48.13114466,0.133648545,59.73916881,102.5996679,0.546889544,55.16310179,94.204193,0.949225068,87.58744562,108.2266186,0.590756238,83.48066504,153.4453027,0.367444456,48.97559996,125.843355,0.310304016,80.81694757,59.86012967,0.094300002,57.79761382,89.38902056,0.118198872,88.38005228,96.81964927,0.068392187,115.5774642,179.888372
32,0.576378665,0.75672698,142.8173645,119.5437588,0.745744944,144.272784,125.8227874,0.982529759,146.1272165,104.1231054,0.938872218,140.3947702,128.8579217,0.983360827,129.663214,87.0936354,0.660461843,115.3196078,134.5977806,0.409843266,114.9686427,91.94016513,0.428220481,24.26318146,37.61762031,0.391633809,84.68803644,109.7027032,0.596089303,111.6825526,109.5891732,0.977688372,56.10268658,186.4739144,0.494081587,82.23412751,150.7328852,0.731469333,58.89987979,127.5127404,0.530846834,78.02906889,60.9585918,0.079462081,78.80446073,61.02038589,0.027851462,85.58464517,105.8720788,0.063554198,90.93292808,105.0779421
33,0.582644273,0.952631116,141.9658167,123.6156221,0.847853422,144.3013372,131.8621742,0.999538422,146.1549162,106.4600524,0.658115387,137.1047665,138.1808262,0.976858795,132.0213746,87.39741827,0.820319474,111.7069971,124.9909781,0.511325121,108.4031557,87.14554805,0.385439754,96.54924143,175.0693225,0.185561419,99.8507359,171.256803,0.991113305,119.7248556,142.2760002,0.93204838,60.73498825,186.1629262,0.769901514,99.32277037,120.1762811,0.413948089,43.38577023,118.6259485,0.136545748,79.76574692,66.18756584,0.127467394,67.61572449,86.09943137,0.037315547,95.67307223,128.2899062,0.15896976,96.3630301,113.318374
34,0.358246831,0.212624133,142.6706119,124.8351548,0.810148597,143.2439065,132.9881715,0.888265073,150.4415135,108.3901349,0.536090791,130.1760982,132.0308721,0.575430334,150.4546075,82.58541569,0.069591254,93.86204256,139.5807852,0.134666413,135.9019853,82.22291715,0.356580377,28.64576628,36.57371645,0.4911291,27.07663699,41.52632086,0.46528101,99.1109258,90.25702735,0.906575918,66.48195493,180.5202481,0.093498379,99.60911897,114.6883778,0.117670715,59.5707575,214.688329,0.172858536,79.76946541,66.59179688,0.190218389,62.46502785,61.85690738,0.042772442,91.59886202,91.72771097,0.026794672,87.24889177,92.03872357
35,0.265884867,0.210472614,129.1381257,103.5272925,0.29599911,133.678361,131.6953174,0.21945262,123.5768034,105.707831,0.17828539,103.203125,112.271026,0.262251079,99.38187617,97.35051644,0.240242809,87.13911078,97.33230191,0.768101752,112.5123869,89.61099651,0.171937436,62.32624259,54.41162414,0.126126498,-6.7188803,214.5888684,0.684549987,115.2141732,144.4513572,0.867012024,78.52401295,170.8241651,0.140745878,6.724063335,88.13943508,0.242524534,13.44785235,91.06102723,0.023442268,57.13533742,52.37280304,0.033565402,5.050565074,0.56080717,0.023072749,111.6940372,77.8349329,0.032260597,88.63286127,62.33644712
36,0.353578129,0.861421943,117.7687315,108.7916472,0.63443023,129.9192294,93.78873332,0.89658159,106.7164945,97.54523155,0.328318596,134.8387026,125.6132105,0.166469187,132.9262738,82.83872454,0.543117762,85.22376814,151.4319503,0.050826222,325.3439792,9.837760782,0.198597789,0.331604775,213.7602899,0.506724536,0.518582805,213.757949,0.670617759,61.2305419,45.47918008,0.745059431,59.39919461,44.89020682,0.093667924,38.41809372,93.20640459,0.205287129,35.2553906,95.34899003,0.030574888,68.25869519,70.59575189,0.014620245,69.11333977,73.76020453,0.038170874,271.9204022,60.81281455,0.026342094,65.10650139,43.60049816
37,0.33986194,0.134469479,124.3025686,94.88828661,0.968339682,120.0878784,91.18378638,0.990946293,109.1606317,91.63565075,0.206704795,130.8368568,87.43317679,0.267915726,76.92031689,91.978679,0.084141731,42.01437656,38.84360858,0.186890632,-0.902891409,74.3097983,0.806439877,67.29866475,30.67516922,0.889788806,3.562473864,209.8261694,0.148969859,-3.301754307,4.606192942,0.910844564,80.27316928,152.8354937,0.048962355,78.93106639,181.0865812,0.051972955,5.203306886,119.8243772,0.021613598,82.21668715,90.10520297,0.036054432,60.39383144,31.83499264,0.006145209,133.4136407,103.0487282,0.017452985,118.6758617,121.3862798
38,0.365440427,0.7930879,131.6122425,119.0702296,0.456225425,143.5525783,137.181014,0.701270759,104.0069908,92.37287619,0.703696728,137.4811515,135.5725143,0.249200881,147.617029,125.3931731,0.244468302,80.79606303,155.3464298,0.084825605,84.7271538,60.32449672,0.623285174,86.01535678,108.0296846,0.820775509,3.662352449,208.1374356,0.380749434,84.87296763,134.746362,0.960810483,81.85356073,138.8947775,0.058270127,69.4356054,57.96214814,0.048168778,94.01376941,64.81651354,0.017452598,72.89124069,65.52277183,0.018008679,84.84114705,176.5828847,0.025005609,67.64188807,20.93859726,0.027185261,71.06511758,24.75548143
39,0.423356705,0.473625064,142.7226343,127.9179712,0.787500024,143.9538102,139.3382783,0.970782161,147.7255847,112.0965492,0.629728317,131.9119411,143.5124795,0.636056721,149.4351787,85.62357356,0.292916596,78.89760602,146.8124805,0.281760901,135.7219247,67.36853591,0.709128976,85.66209353,111.6965853,0.640154839,4.738390062,209.4917974,0.368055582,110.2790457,93.24586942,0.763573885,78.77275598,127.3184033,0.338955432,80.4383071,142.7265966,0.178737909,109.4423353,102.2147852,0.042245209,11.95014182,-7.851407055,0.057635993,112.6265874,98.74194123,0.014371514,143.0970442,84.42135319,0.01183486,148.5210747,78.83943898
40,0.478828584,0.86104548,141.9964424,130.6610633,0.938057244,143.1864344,140.6626239,0.995655417,147.6742451,114.6070586,0.337489426,119.4766917,149.6273945,0.989031553,134.7306711,92.63927903,0.444653779,109.6853786,96.20687763,0.362608612,109.8889206,98.70358585,0.312908947,4.412718736,210.7013694,0.668154716,5.510218474,211.0325716,0.436568171,122.9497186,87.02638548,0.924411774,80.96176167,118.6166706,0.509547949,88.19832753,124.1480742,0.051058978,97.55441806,107.8713376,0.170325369,16.95357305,5.293913614,0.052063882,100.8072612,129.0292774,0.055483609,118.4680282,89.4771794,0.031021029,133.3751146,79.80807682
41,0.470646586,0.924846888,142.596181,128.9852772,0.983089805,145.3080744,139.838093,0.998674512,147.0552556,112.8366397,0.241577625,128.4560925,149.7107497,0.998641074,125.8423309,92.59458392,0.337254107,92.32270087,155.0631047,0.17874217,74.36862979,169.8958089,0.54478389,1.976059855,212.2870338,0.816660285,2.742407867,213.1869587,0.600707471,108.1378623,91.64717199,0.914652109,69.06486521,119.6917793,0.188270956,83.44829583,130.5625658,0.110444158,81.47625527,87.12406611,0.040461183,28.6742463,196.4347544,0.040126622,3.199534898,7.439693303,0.0565494,266.8555175,60.08515966,0.025509715,268.3300415,59.51223081
42,0.473825483,0.953178048,143.3280543,126.6500371,0.996489823,145.5889733,139.6925596,0.999388814,149.2859877,111.6925133,0.418834686,114.4049796,94.51145053,0.999659002,126.3757461,93.0072151,0.209873766,86.21473524,126.5863228,0.267876297,101.0979318,94.51396204,0.436096162,2.04910907,214.3493972,0.845428944,0.602136581,213.5062373,0.772026479,70.40182316,117.8040755,0.773009777,66.63285883,118.1733039,0.183114827,77.96166657,133.8882915,0.089479595,70.70292993,111.8387904,0.038221985,26.87017205,203.8574585,0.017912179,73.63270277,131.0383139,0.02058506,118.2149998,88.55451681,0.033857763,38.18200577,29.46036692
43,0.47489698,0.916682005,143.0147496,127.2945805,0.996155322,145.6994309,138.0549703,0.999815106,151.1467843,110.4159474,0.324164033,132.1182628,146.5127331,0.999428153,128.6844813,91.23373615,0.238450736,89.49661312,155.8482927,0.393902034,88.68861433,95.27042613,0.521579981,-0.676252815,216.4031045,0.640986919,1.53856637,214.8364105,0.666441619,67.56977972,117.1188968,0.787487388,64.51152368,117.2579076,0.12223205,64.04932677,73.94313017,0.062464833,72.7046758,118.6139884,0.064916015,20.84387161,195.76879,0.070440203,15.8694439,203.7571688,0.037528425,19.91733508,27.22361818,0.230573833,15.8846181,27.96169705
44,0.499031644,0.955737889,144.264774,127.888845,0.966569662,146.9828852,137.3858483,0.998758078,151.0499937,110.2017498,0.462560266,129.7748542,144.7678683,0.994369745,129.8849461,88.12008671,0.387664616,87.43017151,99.71123742,0.079161942,119.9627541,95.97897647,0.455622613,3.434423097,214.761431,0.620205343,4.643645745,215.2595389,0.408478677,64.03500751,120.3405289,0.843033791,59.58373566,118.1356556,0.316584051,85.81360701,125.2142342,0.136896878,68.12407342,121.7983258,0.185272783,18.66862894,203.8947653,0.306532323,17.51771467,207.9852333,0.067487836,45.39733963,15.92566177,0.298601449,45.10252687,16.92827203
45,0.45065177,0.959133744,143.7269453,127.8057701,0.973243713,146.1833353,135.6196966,0.999732375,151.0455193,111.3393171,0.166179895,127.3263279,147.3539423,0.956791401,134.4276807,91.40779836,0.167178154,107.9840019,164.206802,0.267439246,79.5853084,142.6359751,0.683143497,4.514578487,206.2287863,0.696898639,5.712178548,208.5379847,0.362177372,92.01960074,92.21384646,0.78250742,57.79135334,122.6795119,0.246371418,83.42660054,119.5361023,0.112344891,61.71982897,132.6889972,0.09284994,8.898404582,196.0674645,0.012563527,21.97241241,202.0925747,0.018923402,133.9967862,142.5108873,0.163601458,16.62062741,54.93401193
46,0.487874681,0.939614296,147.0925503,126.1639869,0.977087021,145.804195,135.4394653,0.999127805,149.8500897,109.0972954,0.382048547,133.3033903,144.2346481,0.930409849,130.1775125,88.84132871,0.073319912,89.58221169,119.2479737,0.123033494,122.5757842,93.07623283,0.497464091,37.27262309,187.5258222,0.40618673,3.245300979,203.96321,0.902270317,101.1509417,121.680102,0.601987958,62.44225358,120.0470969,0.077830225,81.40526856,132.9104489,0.123934001,71.61556477,135.9926557,0.090237856,93.8465468,114.0192069,0.037116945,65.74430887,188.4997025,0.561223209,43.04071815,31.52233414,0.57097733,49.31491885,33.75368802
47,0.49054612,0.975020111,146.4091151,123.613708,0.997433245,145.6408859,135.3067699,0.999625981,151.9697058,106.8650027,0.418896466,134.2810866,142.9830997,0.939277887,134.2641522,89.03833587,0.732314348,91.54871108,131.5863593,0.218004614,95.15753014,105.6144663,0.308593541,1.881914651,201.4461903,0.431255758,2.217901375,200.0267976,0.707222044,99.26220154,118.5435564,0.724179089,82.57402246,118.0547509,0.083690614,90.4222627,168.3610331,0.111063659,-0.000788326,42.07365305,0.057749301,38.38849509,37.38862189,0.086413115,42.77106924,35.06317786,0.223995537,51.47452403,41.46064977,0.324548721,54.26277456,41.90224256
48,0.570638814,0.923465908,144.3262206,120.682594,0.989758372,146.060247,134.0961128,0.999924064,149.5457095,106.3847437,0.432680994,132.3795451,145.4246401,0.991638064,132.0780177,84.85586864,0.847029209,103.1031157,127.4537322,0.880232334,103.7081212,98.69724612,0.284436226,86.17816596,98.74417232,0.276854545,0.77112586,196.4320478,0.988201261,97.45536585,120.9548245,0.756465793,88.55374873,123.8920953,0.119258106,2.227527556,42.82903817,0.06734103,89.25962908,101.6445873,0.156309873,86.94668773,109.2040589,0.029034793,78.7880201,178.1898603,0.58034724,46.41448251,45.83666779,0.377882034,47.48932609,46.80121528
49,0.563646124,0.966012418,144.2898647,117.7121372,0.997541547,145.2451769,130.2083333,0.999790072,149.9561461,105.7832616,0.487327248,123.5603445,135.7138538,0.993180037,130.5228084,86.94073814,0.882261813,108.8297587,124.0475894,0.779323101,107.1549113,97.4105854,0.365962207,104.9680941,127.8294344,0.36181879,96.05243811,113.1077486,0.660985231,78.30568235,62.70528539,0.948664546,80.82556107,132.9107049,0.359854281,96.25512665,127.5545948,0.172175139,93.09450833,118.1716214,0.127717614,40.23881281,29.00862447,0.079740256,36.55041793,43.75674206,0.1654571,51.04751568,54.72676976,0.234172702,46.51419003,54.5097193
50,0.574032429,0.961542726,141.7430848,118.6004921,0.991719484,145.3714473,131.4903124,0.999875009,147.6054956,104.4189758,0.534179747,14.61252048,197.6944347,0.998205781,130.8588386,85.85381554,0.666352153,103.2560496,128.796024,0.847209096,112.2694532,95.24106829,0.274392962,84.61337391,113.1376795,0.351164043,0.104614394,193.9960304,0.590254128,100.1671373,108.1622703,0.943324447,87.21397448,137.7626965,0.294912636,75.57971359,163.283664,0.400738567,11.38109376,65.93865822,0.602618575,34.99121277,29.90132574,0.181061715,32.41498969,31.79639342,0.032562554,54.65150374,61.5011631,0.088437676,50.1935264,60.80868763
51,0.612566534,0.939086676,140.9739535,117.4207899,0.98413682,144.99199,130.3883329,0.999635756,146.8851801,103.2187671,0.312265337,16.7432997,199.0336786,0.994365931,127.9453296,86.62203252,0.929218292,110.6796314,126.200416,0.742505729,103.5027992,94.877314,0.421710551,67.56996869,56.33111808,0.55030489,2.313442349,195.6775954,0.528975129,95.49885763,94.60208431,0.883344293,81.958465,141.9374098,0.553585351,71.56712678,162.6532996,0.309823632,59.1144797,169.0594277,0.721477389,34.27622211,26.52697922,0.133241564,28.85090231,42.95467458,0.033328503,53.49233868,70.682338,0.37662524,52.24365539,67.40457485
52,0.616398229,0.949615717,142.7366671,117.5950472,0.969216466,145.7269234,128.795195,0.999673009,147.0883564,103.6341536,0.489295214,138.2279109,135.8553151,0.977847874,128.193591,86.53807984,0.973242879,104.0542827,129.5093657,0.771372557,102.3215853,101.9961254,0.544814885,89.32936612,133.3316143,0.183862269,97.26541774,128.8217487,0.746539712,89.32426386,90.44386655,0.967871189,51.88870357,73.5689519,0.416367739,69.94978811,102.3376663,0.35014227,8.728006008,112.4639854,0.757757187,35.39376134,28.18957992,0.122690529,22.55340157,35.37885992,0.082654625,50.08248661,75.16682028,0.175805777,88.83326994,136.0551386
53,0.56053257,0.946263552,142.861828,119.4265591,0.983350515,146.8718179,129.4948697,0.999817073,148.7780533,103.7273964,0.286741972,138.2825911,136.4957377,0.986504197,127.9162034,85.80218331,0.751530707,104.9761163,131.7267478,0.581617296,94.12352601,93.62760661,0.410211742,73.33155333,60.18407776,0.049483746,87.15563675,138.9388996,0.935140252,100.6281942,126.2803088,0.925308824,52.31397155,157.8333236,0.461817294,67.29258105,105.2700848,0.365466654,9.010745083,122.5780397,0.508341968,34.77577771,32.6883266,0.172988564,28.45170039,29.20995362,0.044187188,47.26707582,75.20470018,0.120282143,-4.246699682,191.9898223
54,0.561721953,0.974808455,142.6419978,116.0506032,0.995958447,145.0913775,128.4691011,0.999694824,149.2998376,103.6815553,0.529183388,137.1245904,135.8427698,0.942626715,128.5965541,85.51456675,0.284276605,103.823992,140.0790272,0.606006503,96.57405782,93.1584177,0.357487291,14.29068767,36.46054005,0.205155611,1.694460903,35.63872186,0.872046947,92.35956275,118.553322,0.961004853,50.38162441,79.9582675,0.478703469,54.5284276,113.5455558,0.37043944,6.814677302,122.1314178,0.619186521,3.260625299,18.91680809,0.164007336,-5.447989665,8.952962849,0.092703253,78.38382564,154.082397,0.095983535,79.3871857,153.597371
55,0.569600175,0.979410112,143.2318001,116.4710372,0.992694795,145.6799972,127.8294954,0.999783158,147.6885339,102.6508612,0.735845208,138.9792666,136.5654138,0.83357662,123.1973339,89.34072887,0.348899931,99.37360404,140.7068191,0.582222164,95.6725358,94.6808189,0.37186265,69.60431541,58.19520034,0.232994795,1.031172201,31.89077008,0.988931417,94.86348851,119.1852104,0.977961421,51.74199365,81.65852255,0.521353602,57.62944025,112.1557526,0.422240853,62.7633366,114.8858361,0.331462085,-7.04058434,9.034419256,0.189105868,-5.608464121,8.935065299,0.068906814,76.44621469,158.5259393,0.105951488,75.73414701,159.6755155
56,0.579630699,0.980490088,142.1646892,116.7231878,0.993840456,145.6614778,128.4124824,0.99982965,148.8321605,104.5677644,0.548354805,138.0853645,138.3064139,0.867771745,129.2750883,86.12355893,0.54112041,103.3872942,141.8720496,0.687694609,99.60565041,96.81512611,0.243645191,53.43498849,179.0222427,0.342309594,-1.885756208,30.971509,0.992419899,93.49672163,123.1410322,0.977342784,51.71339171,82.0447585,0.354077905,66.85659039,101.2580466,0.384888709,6.339957134,118.8971183,0.567374408,-5.394955372,8.78858702,0.263978064,-6.332163531,8.776251975,0.022215575,56.01223568,79.02281572,0.086367995,52.77678415,163.3756388
57,0.61415589,0.997218311,139.3689529,116.9452369,0.996397734,144.1267873,128.7675928,0.999797344,146.9902612,103.5822531,0.465393633,137.8343599,137.8760436,0.910381615,129.8068211,85.62420753,0.640328169,104.364003,117.4366393,0.585426807,98.61967584,93.94940894,0.657957852,76.7270648,60.67474251,0.268852055,-2.800733397,32.88006691,0.996330857,95.40451755,121.4691109,0.982051075,49.90618721,81.23961259,0.507713497,78.35435808,68.24674723,0.246587276,14.73323293,105.3777627,0.758767724,-2.758595518,10.04677686,0.26460886,-5.869068617,9.620003194,0.041058064,77.86961245,158.0500327,0.121779263,78.88258573,159.1228616
58,0.616832742,0.994609714,139.6355874,117.315465,0.997982264,144.8274008,129.1504516,0.999840617,148.4316967,104.612362,0.573408008,140.7749712,137.4636563,0.982294917,130.778519,85.47633329,0.328048825,89.75767595,109.9918803,0.421897113,94.46045227,89.16413077,0.539319396,78.12599973,61.3722349,0.440503359,-2.010698449,33.89809979,0.963379264,90.98172572,124.7149315,0.989771247,50.98954371,80.98931511,0.522902608,68.52985892,112.6726845,0.416819453,68.02246703,113.7935369,0.750966549,10.43925882,21.25209699,0.301042348,-5.038923056,10.07057219,0.140873283,75.74674723,157.9498161,0.122497648,76.81060905,160.073041
59,0.595296925,0.996446133,139.6909869,117.0875151,0.998000324,144.3148945,129.0142815,0.999757707,146.5192923,104.543393,0.405558884,138.4379145,140.7671197,0.989354074,128.4738803,86.85918725,0.377417833,95.9126958,138.4633832,0.344271004,93.72320244,101.1343487,0.693005204,76.06646477,60.21598978,0.317284971,6.632201996,37.92814524,0.983335674,90.45090731,118.9797421,0.981707454,52.13367324,81.76894361,0.488071054,61.17369158,114.1326638,0.340799987,66.21988018,117.8732029,0.732374072,-6.047072202,9.501239905,0.31595704,-5.514020408,9.240625122,0.08299318,75.8062066,157.1729308,0.073713124,53.70451243,81.36979654
60,0.56801634,0.993226051,140.8533888,118.3020492,0.994776011,144.7195888,129.4915535,0.999876618,148.1503711,105.3905031,0.492406517,136.7716868,142.2123956,0.994219363,128.96232,85.5819264,0.493303448,100.3331346,134.0629145,0.625963569,92.56251341,91.47384129,0.234828591,85.8752609,114.607534,0.305632263,-4.245169612,36.66866002,0.865166783,93.65968321,121.7341117,0.986049175,49.77105644,80.59716614,0.466859162,59.72986648,110.8614354,0.290197253,67.98670851,117.0876858,0.455889732,77.85474456,64.70616563,0.216273844,-5.972412719,9.562223246,0.139740586,77.3094423,155.9052161,0.101868808,75.1096164,158.3180204
61,0.572928676,0.994931042,140.8390391,117.3146238,0.999325156,143.6725455,129.3905811,0.999850512,148.0381213,105.6028963,0.484523445,138.7186427,137.5246396,0.972633123,128.812044,85.59956792,0.679127157,99.05497766,136.4294632,0.747728765,91.82163043,91.2733229,0.188815445,8.771223623,38.56383134,0.207324505,-2.03408002,33.61162317,0.870167792,90.20245689,125.4978274,0.958846509,49.77948097,79.68551274,0.497749954,64.52838493,108.0028504,0.316134512,35.47104815,66.02804844,0.476543874,-6.089502685,10.95197775,0.172112018,-6.797835866,9.23698892,0.112025082,78.11407006,156.1103796,0.061948597,51.3278324,77.71976923
62,0.55318509,0.971304059,142.8900398,117.9438666,0.977610171,145.3310315,129.0167686,0.998366714,145.3637665,103.5723412,0.385480464,139.2419997,134.3524574,0.945202827,128.6681809,86.63042047,0.608922482,97.15322278,123.1887875,0.665104985,90.88320995,88.49237525,0.423849672,74.45675206,60.45224841,0.203489035,-3.894052113,37.65375678,0.730602562,91.21608853,118.1712678,0.981558442,49.11733258,79.21259315,0.460536182,35.20711111,38.32388469,0.359388411,68.1605025,114.2464985,0.269389212,79.38942899,66.28394195,0.310326219,42.08309864,50.52574663,0.036867201,46.61197429,76.56301206,0.076147884,53.65658649,80.59281367
63,0.565599136,0.840711534,137.8031733,121.3174206,0.885423243,145.4489627,131.736038,0.997744083,143.8781845,103.6903456,0.64842087,136.1940275,137.3163185,0.942889988,130.024286,86.6247391,0.698854387,94.5370472,125.3777627,0.575296223,96.2425691,87.0013923,0.498499781,70.76324882,59.85697809,0.237563789,10.79640973,26.16666911,0.995541692,93.87176552,111.6798094,0.980924726,49.17139099,80.28244723,0.548105478,28.75390442,39.9576701,0.182863832,10.66246385,108.896716,0.243006527,-6.651506174,8.380381457,0.207154751,-7.506506607,5.938100446,0.042171627,45.53400047,77.32855903,0.090012789,48.5631547,78.12370767
64,0.527068587,0.895262122,143.1652817,118.5948716,0.967102945,145.390881,129.6529119,0.997360587,145.4080958,103.0763182,0.460849375,135.9816831,134.3961284,0.872525334,121.0439343,87.12355405,0.593352437,94.61174021,124.704154,0.264832765,115.9411697,86.38474368,0.459372222,76.73519063,119.6097895,0.225180328,-6.095497998,34.19699375,0.974981904,94.73520038,109.0608785,0.956442952,42.32350858,158.5172343,0.420104533,23.96559202,41.07029909,0.297937095,34.52786373,38.5190448,0.257830441,-4.656197575,11.41173631,0.150802284,-7.492021234,8.140690836,0.052140415,44.91619363,79.65020531,0.114088237,50.51585603,80.46921329
65,0.603075841,0.969409704,142.7435676,119.0368972,0.971750259,145.9970813,130.4188002,0.999824762,147.8889425,104.6726138,0.429881334,137.3780455,142.3205368,0.982677698,127.7279134,85.94070644,0.764618635,106.5228035,135.5932526,0.590178013,95.13286614,98.25390381,0.626172185,72.17436334,59.69639391,0.185249448,86.88686261,100.5791589,0.784744978,75.63438158,149.5965736,0.813898206,37.72499037,73.85127721,0.459402978,72.94457368,65.88812324,0.597721577,33.04690243,36.45084148,0.514716327,-0.595876858,15.8072368,0.191796809,-9.470827481,7.517656762,0.041556358,40.40537402,71.17628843,0.328690022,40.17292837,77.23860799
66,0.557272702,0.943389177,143.0357927,120.1129204,0.977320313,145.5584206,131.1040033,0.99982661,147.9465853,104.8983936,0.396034241,139.4710469,139.4474558,0.99375093,130.1260022,85.21579471,0.844468534,99.67938027,138.7815889,0.655765176,102.3131974,101.07773,0.520190716,88.22934954,139.351543,0.508970559,28.99461915,68.74084396,0.417265356,68.41987067,149.7650154,0.917207956,38.38211879,72.41781513,0.313831955,31.27289923,39.21261753,0.281217724,18.21695049,116.289221,0.38891989,0.14164271,18.54308701,0.1205239,29.89295912,42.33436232,0.104839563,32.62419168,69.56577715,0.090113342,38.65113676,75.81448482
67,0.507797404,0.987274289,141.638016,118.8146896,0.99337256,145.4484751,131.0829115,0.999885738,148.5123576,104.3119197,0.337894499,135.4206656,141.1679249,0.9757514,131.1803239,85.53881623,0.350196064,96.51415345,132.7131369,0.712121367,96.5237301,97.91079022,0.460637808,73.04701521,62.91654475,0.718980551,24.14736249,67.23577949,0.208938569,-9.875952331,189.2073385,0.791427016,37.31308155,78.40179024,0.215480894,59.14562973,144.6392693,0.254807711,16.16982373,103.4419622,0.207936078,78.14913975,71.06814724,0.05838722,28.00092719,58.53972817,0.239244044,16.77112441,35.372508,0.120220065,9.765800257,28.65180122
68,0.459222252,0.991515338,140.9097759,118.8780748,0.995221972,144.7292569,131.3398535,0.999874711,148.2666442,104.0775691,0.308589756,134.6750278,140.9987272,0.992119253,133.2175845,85.19072839,0.541843951,97.71361238,127.298043,0.717644453,95.60239642,90.75690299,0.199008733,70.02966872,61.1304351,0.355121464,18.66899774,62.54313456,0.250307381,101.0498535,105.9775378,0.325079381,22.08711279,68.44324233,0.257394016,65.31476767,110.4327111,0.470319629,11.07214538,123.3557175,0.107742608,76.4672943,64.57554278,0.065928578,77.7472922,65.70686788,0.129470944,2.225436093,26.08094252,0.099596113,3.93922651,191.646794
69,0.456033521,0.993569732,140.4765893,118.7576808,0.99778235,144.551403,130.4635685,0.999925375,148.0908752,105.1591638,0.437515944,134.9588771,141.8568586,0.992577434,130.1744158,85.62988891,0.424207091,65.41609365,166.739793,0.601292372,89.37075116,90.52763635,0.610693514,71.18775481,104.4852382,0.470288008,8.077069496,65.20446854,0.284494221,-0.995796861,30.07911254,0.196912229,0.957212031,30.54983761,0.141163886,-4.494558422,25.52562471,0.107052654,15.12734021,104.4856283,0.176160097,-6.282703338,21.30133963,0.098163038,-7.039453552,20.20981464,0.106960893,13.64052076,32.63792574,0.113811016,-4.620051199,28.9442762
70,0.456984997,0.993322849,140.4078886,118.5857766,0.996085525,143.6795558,130.8827345,0.999764085,147.7701701,104.7575784,0.172042638,133.1620509,139.4398116,0.996836305,130.1596881,86.72610165,0.707269788,61.21378428,171.6306277,0.532947183,92.10272438,99.04877204,0.923374593,74.7428995,101.6989749,0.096313208,-6.589457575,72.57978308,0.51113236,106.8402656,104.6586542,0.087305486,13.92755516,191.8950189,0.134567827,46.3925068,147.8497947,0.044806898,37.18137058,153.0549703,0.045994192,-6.784331171,27.42378302,0.037279993,21.04871809,34.01826818,0.329799473,9.746617997,40.26863393,0.159902543,6.542092465,31.31370211
71,0.377275772,0.985351086,141.6740671,118.8568976,0.995141149,144.2564836,130.4865256,0.999887049,148.6009188,104.9124629,0.269688427,133.253026,140.5397428,0.996506333,129.3362911,86.89509207,0.403811276,72.87712869,171.6497445,0.373795688,89.45198507,94.15654748,0.926365018,80.99851992,101.0262806,0.061760187,85.37491588,76.12600948,0.19870615,104.5538048,106.7146536,0.070441782,8.314447486,32.03813836,0.042273521,50.18762558,168.9990051,0.016784549,-6.210907021,43.95148764,0.011318803,4.3808673,27.20871372,0.012213975,0.252907285,27.63102518,0.035676509,6.30755821,31.19749605,0.01396662,14.16737074,192.7771926
72,0.375932569,0.991328657,141.5909922,118.5884222,0.995810032,143.4694303,130.6887875,0.999937356,148.743197,104.4528324,0.222775728,131.088983,140.6708533,0.995046139,128.708048,87.02125273,0.581954241,91.35183194,95.67911936,0.413820535,88.30987633,94.9281172,0.815044045,81.09036068,99.37075726,0.086990327,2.890796447,191.7016083,0.092470437,105.8143751,104.9566094,0.05417338,69.08170207,118.9800347,0.021020859,59.87852709,138.2194742,0.02080375,5.297360843,156.2281645,0.008836329,5.123231581,190.4360516,0.027243763,2.176379562,190.6307545,0.045932293,10.71469653,189.6317835,0.017665803,-0.173770366,33.99468926
73,0.386196413,0.976906896,141.1848105,119.1071341,0.980370402,144.8889572,130.6811066,0.999920845,148.1455919,104.6836596,0.263302475,127.7075287,144.4562339,0.993922949,129.4370684,86.56655987,0.895933867,70.19325209,162.0189607,0.378979027,72.16977314,51.7484492,0.649707019,83.52526871,97.05948619,0.085012257,-2.212923695,33.54595818,0.127451152,105.7651934,102.0219964,0.036120355,109.418415,103.0122625,0.027559042,60.42038516,138.1793998,0.040309131,124.5828213,229.2904134,0.013801903,7.235508227,32.02371547,0.014920145,-5.01279719,32.40978074,0.026356339,-0.18429493,36.37857463,0.054765224,17.66304997,190.3691187
74,0.386329665,0.988206744,140.5488135,119.9661556,0.992657125,143.8027661,132.036651,0.999810934,148.4869255,104.7290131,0.121510655,132.8045266,141.1705217,0.996659636,128.9470803,86.60919456,0.737495005,65.70424055,174.8467248,0.202011108,84.85288775,88.9747191,0.956247091,79.5914043,100.7426264,0.088351101,86.38509724,69.31511392,0.139989018,105.6078949,106.0330105,0.073007703,15.27078274,187.8035756,0.024911553,20.13835093,191.3895716,0.026720762,8.921658139,148.2888455,0.025525004,13.16712112,44.9463805,0.032196343,10.00132433,150.5582987,0.093467861,8.808099982,188.4906074,0.068836659,8.072446521,189.8587459
75,0.372321222,0.987818241,141.3427795,118.8031684,0.994682133,144.6438778,130.9692596,0.999621093,148.3021833,104.8088937,0.230682135,130.9175908,141.3754048,0.997253299,129.9431253,86.49364076,0.665043652,70.53849924,171.3903763,0.160283983,85.58369421,92.03533425,0.80120945,77.11657425,101.3140557,0.040480852,86.2881786,77.52823619,0.086886227,104.4868353,115.4585333,0.034691632,-7.355137895,192.6105795,0.023806572,9.460750966,153.2739837,0.048839569,3.111279282,155.5683935,0.034242451,17.32788238,188.2133173,0.052095771,3.313772366,156.2610823,0.07266283,4.573475508,187.8108663,0.09916088,7.488457421,187.2339507
76,0.396750448,0.983924925,141.1726309,118.7972676,0.992938161,143.7488905,131.7320878,0.999842584,147.9601914,105.6548089,0.402798653,132.50267,144.5426981,0.99769485,129.4964424,86.81215131,0.689052403,88.44100514,94.10951155,0.228741616,81.69218409,83.51154075,0.907628655,81.47782801,101.7686266,0.064842671,83.46295646,69.61098432,0.211316705,88.0081051,131.7672368,0.067402929,72.44836167,105.5872176,0.020258725,33.64182528,210.1669544,0.015091479,8.550434089,157.3510041,0.006855547,29.71835742,194.4623176,0.007571638,-7.807384019,38.94609277,0.053980738,1.384729012,189.6317591,0.094815344,12.05331943,189.4101367
77,0.391274805,0.9828161,141.8915199,118.7127541,0.993649125,144.5786273,131.4812051,0.999467015,147.8544398,105.0969369,0.385225743,132.9022804,139.9433447,0.995632887,129.8364715,86.15778129,0.664091289,88.70124503,101.5754964,0.283419371,100.8970476,100.3318728,0.806881547,80.74472339,101.3143239,0.070894569,78.09243572,82.48810081,0.163838416,88.35085294,131.0002512,0.071961343,275.7996596,45.48427625,0.061539561,7.78594323,153.9749629,0.019891977,-7.118417499,190.6796436,0.017886072,-2.70550579,34.26294524,0.022564709,3.557922516,34.33777846,0.056818843,24.33217938,191.8537375,0.05509311,16.24412356,190.290189
78,0.387626872,0.978883862,142.1994967,118.8214561,0.992352724,145.2745957,132.1285771,0.998704374,146.6165828,103.6830549,0.39868331,132.0199116,139.5367973,0.989957213,129.7615164,86.93150895,0.612466455,69.7654726,177.1219813,0.269941568,82.75543022,57.28797865,0.822788,79.41110599,102.5010729,0.058615059,85.04078154,75.96755277,0.355866939,105.6998942,109.0174026,0.029420793,85.26141639,92.3465663,0.020152777,154.9092565,232.9336864,0.025190949,121.4937383,231.8385222,0.006767392,332.2978601,3.370341516,0.009740829,333.4253082,3.341181799,0.013230443,5.348160228,37.81318884,0.006894141,272.9382705,54.94010782
79,0.398502078,0.983359456,140.9117631,119.5289458,0.979638994,145.6421539,132.2383154,0.999530077,146.7394029,103.666852,0.512870431,132.8333358,143.3212878,0.992848396,130.9730635,87.27036761,0.751811624,67.22249044,173.1052005,0.290388286,98.61701194,94.77815816,0.902888536,84.08569488,100.958287,0.039031148,82.53544154,78.10550533,0.167705387,89.7197351,135.6589907,0.027492225,5.761002482,27.49263006,0.022843838,156.4904343,231.1776295,0.011766285,127.0387967,230.8889279,0.041586667,37.18618024,188.8170792,0.020054549,331.9028461,5.39164911,0.019660443,7.357798754,193.132754,0.011058986,5.228929079,194.475119
80,0.408610659,0.978458643,141.3063505,119.186076,0.991805673,145.374349,131.4994806,0.99929285,146.480754,103.5838259,0.518472016,132.9639708,143.3394902,0.995138288,129.7244046,87.27753638,0.782312989,68.44750946,172.0203993,0.396327257,83.04922802,98.09155792,0.876462698,80.59004613,103.3095837,0.032628387,72.88352328,70.98448716,0.127788872,102.3897252,107.5214088,0.02679652,8.532815426,30.94174274,0.054458708,40.39109438,170.9992392,0.025651872,10.25837454,148.7224709,0.009312958,16.48380199,37.28549762,0.015507758,17.80847671,148.048655,0.035894006,8.398951079,36.97315611,0.080071718,0.919091919,36.82800064
81,0.366942008,0.979278147,140.9030338,119.5358707,0.990912914,145.5436442,132.1288697,0.998460412,146.8685262,103.6673884,0.449425071,133.7902329,143.8284176,0.991788566,130.7889918,87.18216,0.28552115,89.09895346,154.9883081,0.290019304,83.18249039,87.13731859,0.810421467,74.04783937,97.82392371,0.049267441,84.28402485,71.3784771,0.221527636,104.781011,107.7431043,0.036274403,275.5844989,45.20869909,0.016062051,16.33643066,178.3420139,0.021901697,125.107178,232.4689109,0.009671479,10.19049827,32.30229791,0.029236972,9.53382704,34.48018468,0.032692939,-0.333405874,34.00046207,0.025552481,1.164734039,30.07541233
82,0.366942008,0.979278147,140.9030338,119.5358707,0.990912914,145.5436442,132.1288697,0.998460412,146.8685262,103.6673884,0.449425071,133.7902329,143.8284176,0.991788566,130.7889918,87.18216,0.28552115,89.09895346,154.9883081,0.290019304,83.18249039,87.13731859,0.810421467,74.04783937,97.82392371,0.049267441,84.28402485,71.3784771,0.221527636,104.781011,107.7431043,0.036274403,275.5844989,45.20869909,0.016062051,16.33643066,178.3420139,0.021901697,125.107178,232.4689109,0.009671479,10.19049827,32.30229791,0.029236972,9.53382704,34.48018468,0.032692939,-0.333405874,34.00046207,0.025552481,1.164734039,30.07541233
83,0.366942008,0.979278147,140.9030338,119.5358707,0.990912914,145.5436442,132.1288697,0.998460412,146.8685262,103.6673884,0.449425071,133.7902329,143.8284176,0.991788566,130.7889918,87.18216,0.28552115,89.09895346,154.9883081,0.290019304,83.18249039,87.13731859,0.810421467,74.04783937,97.82392371,0.049267441,84.28402485,71.3784771,0.221527636,104.781011,107.7431043,0.036274403,275.5844989,45.20869909,0.016062051,16.33643066,178.3420139,0.021901697,125.107178,232.4689109,0.009671479,10.19049827,32.30229791,0.029236972,9.53382704,34.48018468,0.032692939,-0.333405874,34.00046207,0.025552481,1.164734039,30.07541233